{"Auroville": 0.8707928834136335, "Buddhist Sanchi": 0.5131733924272399, "Charminar": 0.9209210042198195, "Chhatrapati Shivaji Terminus": 0.7404303950541415, "Dakshineshwar": 0.8407540704012273, "Gateway Of India": 0.6427309661419329, "Golden Temple": 0.8559028000714228, "Hampi": 0.8207522979521298, "Hawa Mahal": 0.9244566667106188, "Howrah Bridge": 0.9015750742842927, "Humayun Tomb": 0.7030980123104223, "India Gate": 0.9113193267080304, "Jagannath Puri": 0.6512684709159932, "Jantar Mantar": 0.8396573454414245, "Jog Falls": 0.9588141724684499, "Kanchenjunga": 0.9133001217154121, "Lotus Temple": 0.8324579243365413, "Meenakshi Temple": 0.6635638972809282, "Mysore Palace": 0.8281176135610591, "Qutub Minar": 0.9045010771111393, "Red Fort": 0.7505694472867951, "Sun Temple": 0.5777482884291993, "Taj Mahal": 0.7621616416061564, "Victoria Memorial": 0.8474414603709093, "Wagah Border": 0.6706385039350286}